Lisa	Jones	01201982	6501234567	lisajones	123456
Kathie	Jacks	03011982	6504401928	kathiejacks	123456
Natalie	Steven	03011988	4152231987	nataliesteven	123456
Ronnie	Jones	02121992	5102022837	ronniejones	123456
Mike	Lee	06181982	4157762401	mikelee	123456
Sharla	Roberts	07071973	6502032132	sharlaroberts	123456
Nicole	Stevens	08101980	6502230987	nicolestevens	123456	
Robert	Hughes	12011984	4152209876	roberthughes	123456	
Serena	Louie	07301988	4159981234	serenalouie	123456	
Anna	Hill	11021980	4159891234	annahill	123456
Angela	Park	05151967	5102248980	angelapark	123456	
Mark	Bruton	04161991	6503301874	markbruton	123456	
Michael	Leeds	05171982	6502201983	michaelleeds	123456	
Joey	Paterson	09021985	4152201872	joeypaterson	123456	